humidity,precipitation,temperature
18.766744792650787,0,26.4
18.55853689386707,0,26.2
18.352348727818782,0,26.0
18.24081736376197,0,25.9
17.909826302281676,0,25.8
17.782783874177962,0,25.7
17.764916277011185,0,26.7
17.764916277011185,0,27.6
17.855891225775526,0,28.4
17.965289905890266,0,29.2
17.873833454034852,0,29.9
17.891811776528446,0,30.6
18.001432915249755,0,31.0
17.584180004543022,0,31.7
17.070285821084013,0,32.4
